CREATE TABLE IF NOT EXISTS usuarios (
    id BIGINT GENERATED BY DEFAULT AS IDENTITY PRIMARY KEY,
    nome VARCHAR(50) NOT NULL,
    email VARCHAR(255) NOT NULL UNIQUE,
    senha VARCHAR(255) NOT NULL,
    ativo BOOLEAN NOT NULL DEFAULT TRUE,
    perfil VARCHAR(20) NOT NULL,
    CONSTRAINT ck_usuarios_perfil CHECK (perfil IN ('ADMIN', 'PRODUCER'))
);

CREATE TABLE IF NOT EXISTS categorias (
    id BIGINT GENERATED BY DEFAULT AS IDENTITY PRIMARY KEY,
    nome VARCHAR(50) NOT NULL,
    ativo BOOLEAN NOT NULL
);

CREATE TABLE IF NOT EXISTS noticias (
    id BIGINT GENERATED BY DEFAULT AS IDENTITY PRIMARY KEY,
    titulo VARCHAR(255) NOT NULL,
    subtitulo VARCHAR(255) NOT NULL,
    conteudo TEXT NOT NULL,
    data_publicacao TIMESTAMP NOT NULL,
    ativo BOOLEAN NOT NULL,
    id_categoria BIGINT NOT NULL,
    CONSTRAINT fk_noticias_categoria
        FOREIGN KEY (id_categoria)
        REFERENCES categorias(id),
    id_autor BIGINT NOT NULL,
    CONSTRAINT fk_noticias_autor
        FOREIGN KEY (id_autor)
        REFERENCES usuarios(id)
);

INSERT INTO usuarios (id, nome, email, senha, ativo, perfil) VALUES
    (1, 'Administrador', 'admin@portal.com', '$2a$12$15.Z0NX1bEpjx1b8JUXCZ.ZXty.AjRSTZAXFrZCjbQ4A.Xz6r3KH6', TRUE, 'ADMIN'),    -- password admin
    (2, 'Produtor', 'producer@portal.com', '$2a$12$xpqkBhtMBAH0fy51/WgZNuIVXmMeSdeyUk8VylMBcc.agJxFu59la', TRUE, 'PRODUCER');   -- password producer

INSERT INTO categorias (id, nome, ativo) VALUES
    (1, 'Comunicados', TRUE),
    (2, 'Eventos', TRUE),
    (3, 'Tecnologia', TRUE),
    (4, 'RH', TRUE),
    (5, 'Institucional', TRUE);

INSERT INTO noticias (id, titulo, subtitulo, conteudo, data_publicacao, ativo, id_categoria, id_autor) VALUES
    (1, 'Portal no ar', 'Primeira versao publicada', 'O portal de comunicacao interno foi disponibilizado para todos os colaboradores.', TIMESTAMP '2026-04-01 09:00:00', TRUE, 5, 1),
    (2, 'Semana da seguranca', 'Programacao oficial divulgada', 'A semana da seguranca tera palestras tecnicas e treinamentos praticos.', TIMESTAMP '2026-04-02 10:30:00', TRUE, 1, 2),
    (3, 'Hackathon interno', 'Inscricoes abertas', 'As inscricoes para o hackathon interno estao abertas ate o fim do mes.', TIMESTAMP '2026-04-03 14:00:00', TRUE, 3, 2),
    (4, 'Atualizacao de beneficios', 'Novas regras de elegibilidade', 'Foram atualizadas as regras de elegibilidade para os beneficios corporativos.', TIMESTAMP '2026-04-04 11:15:00', TRUE, 4, 2),
    (5, 'Agenda de abril', 'Principais eventos do mes', 'Confira os principais eventos corporativos planejados para o mes de abril.', TIMESTAMP '2026-04-05 08:45:00', TRUE, 2, 2);
